id,fullname,email,password,img_profile
11,Nguyen Thi K,nguyenthik@example.com,password123,profile11.jpg
12,Le Van L,levanl@example.com,password123,profile12.jpg
13,Tran Thi M,tranthim@example.com,password123,profile13.jpg
14,Hoang Van N,hoangvann@example.com,password123,profile14.jpg
15,Pham Thi O,phamthio@example.com,password123,profile15.jpg
16,Do Van P,dovanp@example.com,password123,profile16.jpg
17,Vu Thi Q,vuthiq@example.com,password123,profile17.jpg
18,Nguyen Van R,nguyenvanr@example.com,password123,profile18.jpg
19,Tran Van S,tranvans@example.com,password123,profile19.jpg
20,Le Thi T,lethit@example.com,password123,profile20.jpg
